                  epoch,         train/box_loss,         train/cls_loss,         train/dfl_loss,   metrics/precision(B),      metrics/recall(B),       metrics/mAP50(B),    metrics/mAP50-95(B),           val/box_loss,           val/cls_loss,           val/dfl_loss,                 lr/pg0,                 lr/pg1,                 lr/pg2
                      1,                0.90619,                0.74761,                 0.9186,                0.91324,                 0.5725,                0.64347,                0.44673,                 1.1111,                0.62277,                0.93978,             0.00041659,             0.00041659,             0.00041659
                      2,                0.79688,                 0.4894,                0.89502,                0.94001,                0.54237,                 0.6079,                0.41076,                 1.1743,                0.61165,                0.95235,             0.00066827,             0.00066827,             0.00066827
                      3,                0.76006,                0.44745,                0.88466,                0.92542,                0.52086,                0.60054,                0.41509,                 1.1597,                0.66498,                0.95286,             0.00075495,             0.00075495,             0.00075495
                      4,                0.72806,                0.41392,                0.87573,                0.92186,                 0.5345,                0.61308,                0.42331,                  1.234,                 0.7779,                0.97129,              0.0005075,              0.0005075,              0.0005075
                      5,                0.71515,                0.40047,                0.87186,                 0.9524,                0.51852,                0.59353,                0.41205,                 1.2179,                0.73807,                0.96888,              0.0005075,              0.0005075,              0.0005075
